original,parallelized
3.678000000000001,3.2970000000000006
1.7750000000000021,2.5909999999999975
56.91,28.236000000000004
326.18100000000004,127.87
