original,parallelized
5.793000000000001,4.236999999999998
6.573999999999998,4.109999999999999
127.316,66.49700000000001
207.34300000000002,52.06600000000003
